comp533.factory.BarrierImpl,BarrierClass
comp533.factory.Barrier,BarrierClass
comp533.mvc.ControllerImpl,ControllerClass
comp533.mvc.Controller,ControllerClass
comp533.sum.IntSummingMapper,IntSummingMapperClass
comp533.factory.Mapper,IntSummingMapperClass
comp533.factory.JoinerImpl,JoinerClass
comp533.factory.Joiner,JoinerClass
comp533.KeyValue,KeyValueClass
comp533.factory.MapperFactory,MapperFactory
comp533.mvc.ModelImpl,ModelClass
comp533.mvc.Model,ModelClass
comp533.factory.PartitionerImpl,PartitionerClass
comp533.factory.Partitioner,PartitionerClass
comp533.factory.PartitionerFactory,PartitionerFactory
comp533.factory.TokenCountingReducer,ReducerClass
comp533.factory.Reducer,ReducerClass
comp533.factory.ReducerFactory,ReducerFactory
comp533.Slave,SlaveClass
comp533.SlaveInterface,SlaveClass
comp533.IntegerSummer,StandAloneIntegerSummer
comp533.TokenCounter,StandAloneTokenCounter
comp533.count.TokenCountingMapper,TokenCountingMapperClass
comp533.factory.Mapper,TokenCountingMapperClass
comp533.mvc.ViewImpl,ViewClass
comp533.mvc.View,ViewClass
